Site,HyperLink,
Google,Youtube,
Google,Gmail,
Google,GoogleMaps,
Google,GoogleDrive,
Google,Facebook,
GoogleDrive,Gmail,
Gmail,GoogleDrive,
GoogleMaps,Gmail,
Youtube,Gmail,
Youtube,Facebook,
Youtube,Instagram,
Youtube,Twitter,
Youtube,Reddit,
Youtube,LinkedIn,
Youtube,Canva,
Facebook,Gmail,
Facebook,Youtube,
Facebook,Instagram,
Facebook,Reddit,
Facebook,Twitter,
Facebook,Canva,
Facebook,LinkedIn,
Instagram,Gmail,
Instagram,Youtube,
Instagram,Reddit,
Instagram,Facebook,
Instagram,Twitter,
Instagram,LinkedIn,
Twitter,Gmail,
Twitter,Youtube,
Twitter,Instagram,
Twitter,Reddit,
Twitter,Facebook,
Twitter,LinkedIn,
Reddit,Gmail,
Reddit,Facebook,
Reddit,Instagram,
Reddit,Twitter,
Reddit,LinkedIn,
Reddit,Fiver,
Reddit,Upwork,
Upwork,Gmail,
Upwork,LinkedIn,
Fiver,Gmail,
Fiver,LinkedIn,
LinkedIn,Gmail,
LinkedIn,Facebook,
LinkedIn,Twitter,
LinkedIn,Fiver,
LinkedIn,Upwork,
LinkedIn,Instagram,
Canva,Gmail,
Canva,Facebook,
Canva,Instagram,
